{
  "name": "Case Alert",
  "form": "385d6b7e-ad56-4c97-9fea-a6069a093b3f",
  "blocks": [
    {
      "id": "1a15a7bf-a93c-41b1-9808-081aab7bda3b",
      "endpoint": "Salesforce",
      "label": "Add Case Comment",
      "environment": "HOSTED",
      "presentation": "{\"w\":60,\"x\":-129,\"h\":60,\"y\":-245}",
      "step": "3290bf48-42f5-545f-af7c-5ec22e4b3e2c",
      "stepType": "SCRIPT_STEP",
      "inputMappings": [
        {
          "inputPort": "input",
          "mapping": "${6fa36d99-756e-4d1f-a1cf-b3a137341cdf.caseId}",
          "stepInput": "2fc32ce6-4b38-5ac5-b5d6-d911689f9916"
        },
        {
          "inputPort": "input",
          "mapping": "xMatters added a comment",
          "stepInput": "88991857-d61d-5b8d-98d5-66677d757877"
        },
        {
          "inputPort": "input",
          "mapping": "false",
          "stepInput": "292e003c-5426-586f-a2cb-67a76a459d3c"
        }
      ]
    },
    {
      "id": "6fa36d99-756e-4d1f-a1cf-b3a137341cdf",
      "label": "Case Alert - Saleforce - Case Alert",
      "environment": "HOSTED",
      "presentation": "{\"w\":60,\"x\":-273,\"h\":60,\"y\":-245}",
      "step": "e2495287-ca39-47b0-84b0-cf4e033024ca",
      "stepType": "INTEGRATION"
    }
  ],
  "edges": [
    {
      "fromBlock": "6fa36d99-756e-4d1f-a1cf-b3a137341cdf",
      "fromPort": "output",
      "toBlock": "1a15a7bf-a93c-41b1-9808-081aab7bda3b",
      "toPort": "input"
    }
  ]
}