{
  "integrations": [
    {
      "id": "e2495287-ca39-47b0-84b0-cf4e033024ca",
      "name": "Case Alert - Saleforce - Case Alert",
      "action": "RUN_SCRIPT",
      "type": "INBOUND_WEBHOOK",
      "deployed": true,
      "form": "385d6b7e-ad56-4c97-9fea-a6069a093b3f",
      "environment": "HOSTED",
      "authType": "API_KEY",
      "createdBy": "FLOW",
      "integrationScriptStepUuid": "25bdab20-c54e-43f2-93e4-0c0d77c12ace"
    }
  ],
  "endpoints": [
    {
      "name": "Salesforce",
      "type": "EXTERNAL",
      "authentication": "OAUTH2_FORCE"
    }
  ],
  "constants": []
}