[
  {
    "id": "25bdab20-c54e-43f2-93e4-0c0d77c12ace",
    "name": "Saleforce - Case Alert",
    "description": "Example HTTP Trigger for accepting case creation and update triggers from Salesforce.",
    "icon": "https://s3-xmatters-static.s3.amazonaws.com/null/customers/b37a4596-1e89-4b51-98cd-83844cf25f31/IMAGE__20200416151300698__Salesforce.png",
    "script": "/**\n * Example xMatters HTTP Trigger that will take input from the provided Salesforce Apex Trigger\n * (xMattersCaseAlert.apxt) and parse information to corresponding xMatters Trigger outputs.\n * \n * @author: xMatters\n * @version: 0.1\n * \n * If you modify or use as an example to create your own xMatters HTTP Trigger be sure to \n * create the corresponding outputs for the HTTP Trigger or you will not be able to use in \n * subsequent steps.\n * \n */\n\n//Parse payload\nvar payload = JSON.parse(request.body);\n\n//Field added by provided Apex Trigger indicating if it is a new or updated case\nif (payload.reason !== undefined) {\n    output['reason'] = payload.reason;\n} else {\n    output['reason'] = \"Unknown\";\n}\n\n/*\n * STANDARD SALESFORCE CASE FIELDS\n *\n * You can add more standard Salesforce case fields like below. You can send a trigger from\n * Salesforce and in the Activity monitor in Flow Designer view the body of the request to see\n * the other fields that are returned.\n*/\n\nif (payload.case != undefined){\n    output['caseId'] = payload.case.Id;\n    output['caseNumber'] = payload.case.CaseNumber;\n    output['caseOrigin'] = payload.case.Origin;\n    output['caseStatus'] = payload.case.Status;\n    output['caseSubject'] = payload.case.Subject;\n    output['caseDescription'] = payload.case.Description;\n    output['ownerId'] = payload.case.OwnerId;\n    output['creatorId'] = payload.case.CreatedById;\n    output['caseCreated'] = payload.case.CreatedDate;\n    output['modifierId'] = payload.case.LastModifiedById;\n    output['caseModified'] = payload.case.LastModifiedDate;\n} else {\n    throw 'No case information in payload';\n    /*\n    output['caseId'] = 'Unknown';\n    output['caseNumber'] = 'Unknown';\n    output['caseOrigin'] = 'Unknown';\n    output['caseStatus'] = 'Unknown';\n    output['caseSubject'] = 'Unknown';\n    output['caseDescription'] = 'Unknown';\n    output['ownerId'] = 'Unknown';\n    output['creatorId'] = 'Unknown';\n    output['caseCreated'] = 'Unknown';\n    output['modifierId'] = 'Unknown';\n    output['caseModified'] = 'Unknown';\n    */\n}\n\n\n/*\n * CUSTOM SALESFORCE CASE FIELDS\n * \n * You can extract Salesforce custom case fields like below. Remember that\n * custom fields are returned as \"<fieldname>__c\".  Also make sure to create\n * a corresponding output for the xMatters trigger.\n * \n    if (payload.case.My_Custom_Field__c !== undefined) {\n        output['My Custom Output'] = payload.case.My_Custom_Field__c;\n    } else {\n        output['My Custom Output'] = \"Unassigned\";\n    }\n */\n\n\n//Extract Salesforce account information\nif (payload.case.AccountId !== undefined) {\n    output['accountId'] = payload.case.AccountId;\n    if (payload.account !== undefined){\n        output['accountName'] = payload.account.Name;\n    } else {\n        output['accountName'] = \"Unassigned\";\n    }\n} else {\n    output['accountId'] = \"Unassigned\";\n    output['accountName'] = \"Unassigned\";\n}\n\n//Extract Salesforce case owner information\nif (payload.owner !== undefined){\n    output['ownerName'] = payload.owner.Name;\n    output['ownerEmail'] = payload.owner.Email;\n    output['ownerActive'] = payload.owner.IsActive;\n} else {\n    //throw 'No owner information in payload';\n    output['ownerName'] = \"Unknown\";\n    output['ownerEmail'] = \"Unknown\";\n    output['ownerActive'] = \"Unknown\";\n}\n\n//Extract Salesforce case creator information\nif (payload.creator !== undefined){\n    output['creatorName'] = payload.creator.Name;\n    output['creatorEmail'] = payload.creator.Email;\n    output['creatorActive'] = payload.creator.IsActive;\n} else {\n    //throw 'No creator information in payload';\n    output['creatorName'] = \"Unknown\";\n    output['creatorEmail'] = \"Unknown\";\n    output['creatorActive'] = \"Unknown\";\n}\n\n//Extract Salesforce case modifier information\nif (payload.modifier !== undefined){\n    output['modifierName'] = payload.modifier.Name;\n    output['modifierEmail'] = payload.modifier.Email;\n    output['modifierActive'] = payload.modifier.IsActive;\n} else {\n    //throw 'No modifier information in payload';\n    output['modifierName'] = \"Unknown\";\n    output['modifierEmail'] = \"Unknown\";\n    output['modifierActive'] = \"Unknown\";\n}",
    "allowedEnvironment": "HOSTED",
    "accessibleByAll": "NotShared",
    "triggerAuthType": "API_KEY",
    "scriptStepType": "CUSTOM_HTTP",
    "inputs": [],
    "outputs": [
      {
        "id": "6f7dfaab-5c28-40ba-b602-3310138ce87d",
        "name": "reason",
        "position": 0
      },
      {
        "id": "1451ebf6-7173-4260-9d16-4ec71ae4e73e",
        "name": "caseId",
        "position": 1
      },
      {
        "id": "adf9177a-c181-4492-8cf9-6c34638930eb",
        "name": "caseNumber",
        "position": 2
      },
      {
        "id": "5fc8c7ff-8018-49a2-bf5a-d3e58761b642",
        "name": "caseOrigin",
        "position": 3
      },
      {
        "id": "b9041bd3-ffc3-436f-b243-952bbf7338b6",
        "name": "caseStatus",
        "position": 4
      },
      {
        "id": "22cba286-4772-4dfc-a298-e07e77759755",
        "name": "caseSubject",
        "position": 5
      },
      {
        "id": "82858097-9d8b-47b1-bbf6-4ffc9be6fa80",
        "name": "caseDescription",
        "position": 6
      },
      {
        "id": "68defa85-131c-4dd2-a8fd-ef9ae483f5da",
        "name": "ownerId",
        "position": 7
      },
      {
        "id": "803373ab-a4c6-4d02-8b60-26ccf0eba72e",
        "name": "creatorId",
        "position": 8
      },
      {
        "id": "02daa7c3-a5f0-4b34-910a-e02c54064b90",
        "name": "caseCreated",
        "position": 9
      },
      {
        "id": "18f51ad1-d30a-4440-9d51-541a382582fe",
        "name": "modifierId",
        "position": 10
      },
      {
        "id": "5fb42c02-0256-4274-835a-ce84b203422a",
        "name": "caseModified",
        "position": 11
      },
      {
        "id": "505bb4d2-415c-46bd-a534-4defb9ddb420",
        "name": "accountId",
        "position": 12
      },
      {
        "id": "9386d7da-7c9d-4786-8189-56093bd2e0e9",
        "name": "accountName",
        "position": 13
      },
      {
        "id": "54cd1c6b-3b67-4776-aca0-0315c7e3b916",
        "name": "ownerName",
        "position": 14
      },
      {
        "id": "88ec51e8-bbe8-4dc1-9cee-ec67cc381116",
        "name": "ownerEmail",
        "position": 15
      },
      {
        "id": "3a2f6f72-2435-4e3d-a4cc-b73bece9862a",
        "name": "ownerActive",
        "position": 16
      },
      {
        "id": "4e70417f-5455-4cf8-bd81-6604607f8304",
        "name": "creatorName",
        "position": 17
      },
      {
        "id": "3fbe01fb-5ff8-4ec2-a4dc-338f1b6c3b84",
        "name": "creatorEmail",
        "position": 18
      },
      {
        "id": "5f4eb6dc-9ee6-4161-89a8-d24f7305361a",
        "name": "creatorActive",
        "position": 19
      },
      {
        "id": "e01a2d9c-c69c-41f0-b9bf-69c505713b61",
        "name": "modifierName",
        "position": 20
      },
      {
        "id": "b50873d8-aa73-43a6-99f4-bbf4cdb0b72d",
        "name": "modifierEmail",
        "position": 21
      },
      {
        "id": "7fc19e2a-ff97-4152-b646-16616c8d60b1",
        "name": "modifierActive",
        "position": 22
      }
    ],
    "libraries": []
  }
]